{
  "annotations": {
    "list": [
      {
        "builtIn": 1,
        "datasource": {
          "type": "grafana",
          "uid": "-- Grafana --"
        },
        "enable": true,
        "hide": true,
        "iconColor": "rgba(0, 211, 255, 1)",
        "name": "Annotations & Alerts",
        "type": "dashboard"
      }
    ]
  },
  "description": "This dashboard provides an overview of the health and performance of the resources monitored in Azure Monitor enabled by the NGINX Starter Pack",
  "editable": true,
  "fiscalYearStartMonth": 0,
  "graphTooltip": 0,
  "id": 25,
  "links": [],
  "liveNow": false,
  "panels": [
    {
      "datasource": {
        "type": "datasource",
        "uid": "grafana"
      },
      "gridPos": {
        "h": 2,
        "w": 20,
        "x": 0,
        "y": 0
      },
      "id": 11,
      "options": {
        "code": {
          "language": "plaintext",
          "showLineNumbers": false,
          "showMiniMap": false
        },
        "content": "<sub>*Note: If you have multiple workspaces, and you are not seeing data in the visualisations below, please first select the workspace that you have used in the configuration of the Azure Monitor Starter Packs in the options above.*</sub>",
        "mode": "markdown"
      },
      "pluginVersion": "10.4.3",
      "type": "text"
    },
    {
      "datasource": {
        "type": "datasource",
        "uid": "grafana"
      },
      "gridPos": {
        "h": 2,
        "w": 20,
        "x": 0,
        "y": 2
      },
      "id": 1,
      "options": {
        "code": {
          "language": "plaintext",
          "showLineNumbers": false,
          "showMiniMap": false
        },
        "content": "# NGINX Overview",
        "mode": "markdown"
      },
      "pluginVersion": "10.4.3",
      "type": "text"
    },
    {
      "datasource": {
        "type": "grafana-azure-monitor-datasource",
        "uid": "azure-monitor-oob"
      },
      "fieldConfig": {
        "defaults": {
          "color": {
            "mode": "thresholds"
          },
          "custom": {
            "align": "auto",
            "cellOptions": {
              "type": "auto"
            },
            "inspect": false
          },
          "mappings": [],
          "thresholds": {
            "mode": "absolute",
            "steps": [
              {
                "color": "green",
                "value": null
              },
              {
                "color": "red",
                "value": 80
              }
            ]
          }
        },
        "overrides": []
      },
      "gridPos": {
        "h": 8,
        "w": 5,
        "x": 0,
        "y": 4
      },
      "id": 3,
      "options": {
        "cellHeight": "sm",
        "footer": {
          "countRows": false,
          "fields": "",
          "reducer": [
            "sum"
          ],
          "show": false
        },
        "showHeader": true
      },
      "pluginVersion": "10.4.3",
      "targets": [
        {
          "azureLogAnalytics": {
            "query": "Heartbeat\r\n| where _ResourceId in ($Resources)\r\n| summarize LastHeartBeat = arg_max(TimeGenerated, *) by _ResourceId\r\n| extend TimeFromNow = now() - LastHeartBeat\r\n| extend [\"TimeAgo\"] = strcat(case(TimeFromNow < 2m, strcat(toint(TimeFromNow / 1s), ' seconds'), TimeFromNow < 2h, strcat(toint(TimeFromNow / 1m), ' minutes'), TimeFromNow < 2d, strcat(toint(TimeFromNow / 1h), ' hours'), strcat(toint(TimeFromNow / 1d), ' days')), ' ago')\r\n| project Computer, [\"Time\"]=strcat('🕒 ', TimeAgo)",
            "resources": [
              "$Workspace"
            ]
          },
          "azureMonitor": {
            "allowedTimeGrainsMs": [],
            "timeGrain": "auto"
          },
          "datasource": {
            "type": "grafana-azure-monitor-datasource",
            "uid": "azure-monitor-oob"
          },
          "queryType": "Azure Log Analytics",
          "refId": "A"
        }
      ],
      "title": "Last Heartbeat Received per Resource",
      "type": "table"
    },
    {
      "datasource": {
        "type": "grafana-azure-monitor-datasource",
        "uid": "azure-monitor-oob"
      },
      "description": "This panel shows the status of the NGINX daemons. You will need to enable Change Tracking and Inventory to report on this - https://learn.microsoft.com/en-us/azure/automation/change-tracking/overview-monitoring-agent?tabs=win-az-vm",
      "fieldConfig": {
        "defaults": {
          "color": {
            "mode": "thresholds"
          },
          "custom": {
            "align": "auto",
            "cellOptions": {
              "type": "auto"
            },
            "inspect": false
          },
          "mappings": [],
          "thresholds": {
            "mode": "absolute",
            "steps": [
              {
                "color": "green",
                "value": null
              },
              {
                "color": "red",
                "value": 80
              }
            ]
          }
        },
        "overrides": [
          {
            "matcher": {
              "id": "byName",
              "options": "_ResourceId"
            },
            "properties": [
              {
                "id": "custom.hidden",
                "value": true
              }
            ]
          },
          {
            "matcher": {
              "id": "byName",
              "options": "SvcState"
            },
            "properties": [
              {
                "id": "mappings",
                "value": [
                  {
                    "options": {
                      "Running": {
                        "color": "green",
                        "index": 0
                      },
                      "Stopped": {
                        "color": "orange",
                        "index": 1
                      }
                    },
                    "type": "value"
                  }
                ]
              },
              {
                "id": "custom.cellOptions",
                "value": {
                  "mode": "gradient",
                  "type": "color-background"
                }
              }
            ]
          },
          {
            "matcher": {
              "id": "byName",
              "options": "SvcName"
            },
            "properties": [
              {
                "id": "custom.hidden",
                "value": true
              }
            ]
          },
          {
            "matcher": {
              "id": "byName",
              "options": "TimeGenerated"
            },
            "properties": [
              {
                "id": "unit",
                "value": "dateTimeAsLocal"
              },
              {
                "id": "custom.width",
                "value": 116
              }
            ]
          },
          {
            "matcher": {
              "id": "byName",
              "options": "Computer"
            },
            "properties": [
              {
                "id": "custom.width",
                "value": 117
              }
            ]
          }
        ]
      },
      "gridPos": {
        "h": 8,
        "w": 5,
        "x": 5,
        "y": 4
      },
      "id": 2,
      "options": {
        "cellHeight": "sm",
        "footer": {
          "countRows": false,
          "fields": "",
          "reducer": [
            "sum"
          ],
          "show": false
        },
        "showHeader": true,
        "sortBy": []
      },
      "pluginVersion": "10.4.3",
      "targets": [
        {
          "azureLogAnalytics": {
            "query": "ConfigurationData \r\n| where _ResourceId in ($Resources)\r\n| where ConfigDataType == \"Daemons\"\r\n| where SvcName == \"nginx\"\r\n| summarize arg_max(TimeGenerated, *) by Computer\r\n| project _ResourceId, TimeGenerated, Computer, SvcName, SvcState",
            "resources": [
              "$Workspace"
            ]
          },
          "azureMonitor": {
            "allowedTimeGrainsMs": [],
            "timeGrain": "auto"
          },
          "azureResourceGraph": {
            "query": "ConfigurationData \r\n| where ConfigDataType == \"Daemons\"\r\n| where SvcName == \"nginx\"\r\n| summarize arg_max(TimeGenerated, *) by Computer\r\n| project _ResourceId, TimeGenerated, Computer, SvcName, SvcState"
          },
          "datasource": {
            "type": "grafana-azure-monitor-datasource",
            "uid": "azure-monitor-oob"
          },
          "queryType": "Azure Log Analytics",
          "refId": "A",
          "subscriptions": [
            "$Subscription"
          ]
        }
      ],
      "title": "NGINX Status",
      "type": "table"
    },
    {
      "datasource": {
        "type": "grafana-azure-monitor-datasource",
        "uid": "azure-monitor-oob"
      },
      "fieldConfig": {
        "defaults": {
          "color": {
            "mode": "palette-classic"
          },
          "custom": {
            "hideFrom": {
              "legend": false,
              "tooltip": false,
              "viz": false
            }
          },
          "mappings": []
        },
        "overrides": []
      },
      "gridPos": {
        "h": 8,
        "w": 5,
        "x": 10,
        "y": 4
      },
      "id": 8,
      "options": {
        "displayLabels": [],
        "legend": {
          "displayMode": "table",
          "placement": "bottom",
          "showLegend": true,
          "values": [
            "value"
          ]
        },
        "pieType": "donut",
        "reduceOptions": {
          "calcs": [
            "lastNotNull"
          ],
          "fields": "",
          "values": true
        },
        "tooltip": {
          "mode": "single",
          "sort": "none"
        }
      },
      "targets": [
        {
          "azureMonitor": {
            "allowedTimeGrainsMs": [],
            "timeGrain": "auto"
          },
          "azureResourceGraph": {
            "query": "alertsmanagementresources\r\n| where type == \"microsoft.alertsmanagement/alerts\"\r\n| extend resourceId = tostring(properties.context.context.resourceId),\r\n    monitorCondition = tostring(properties.essentials.monitorCondition),\r\n    startDateTime = todatetime(properties.essentials.startDateTime),\r\n    lastModifiedDateTime = todatetime(properties.essentials.lastModifiedDateTime)\r\n| where resourceId in ($Resources)\r\n| summarize count() by monitorCondition"
          },
          "datasource": {
            "type": "grafana-azure-monitor-datasource",
            "uid": "azure-monitor-oob"
          },
          "queryType": "Azure Resource Graph",
          "refId": "A",
          "subscriptions": [
            "$Subscription"
          ]
        }
      ],
      "title": "Alerts by Status",
      "type": "piechart"
    },
    {
      "datasource": {
        "type": "grafana-azure-monitor-datasource",
        "uid": "azure-monitor-oob"
      },
      "fieldConfig": {
        "defaults": {
          "color": {
            "mode": "palette-classic"
          },
          "custom": {
            "hideFrom": {
              "legend": false,
              "tooltip": false,
              "viz": false
            }
          },
          "mappings": []
        },
        "overrides": []
      },
      "gridPos": {
        "h": 8,
        "w": 5,
        "x": 15,
        "y": 4
      },
      "id": 9,
      "options": {
        "displayLabels": [],
        "legend": {
          "displayMode": "table",
          "placement": "bottom",
          "showLegend": true,
          "values": [
            "value"
          ]
        },
        "pieType": "donut",
        "reduceOptions": {
          "calcs": [
            "lastNotNull"
          ],
          "fields": "",
          "values": true
        },
        "tooltip": {
          "mode": "single",
          "sort": "none"
        }
      },
      "targets": [
        {
          "azureMonitor": {
            "allowedTimeGrainsMs": [],
            "timeGrain": "auto"
          },
          "azureResourceGraph": {
            "query": "alertsmanagementresources\r\n| where type == \"microsoft.alertsmanagement/alerts\"\r\n| extend resourceId = tostring(properties.context.context.resourceId),\r\n    severity = toint(properties.context.context.severity),\r\n    startDateTime = todatetime(properties.essentials.startDateTime),\r\n    lastModifiedDateTime = todatetime(properties.essentials.lastModifiedDateTime)\r\n| where resourceId in ($Resources)\r\n| extend Severity = case(severity == 0, \"Critical\",\r\n        severity == 1, \"Error\",\r\n        severity == 2, \"Warning\",\r\n        severity == 3, \"Informational\",\r\n        severity == 4, \"Verbose\", \"Other\")\r\n| summarize count() by Severity"
          },
          "datasource": {
            "type": "grafana-azure-monitor-datasource",
            "uid": "azure-monitor-oob"
          },
          "queryType": "Azure Resource Graph",
          "refId": "A",
          "subscriptions": [
            "$Subscription"
          ]
        }
      ],
      "title": "Alerts by Severity",
      "type": "piechart"
    },
    {
      "datasource": {
        "type": "datasource",
        "uid": "grafana"
      },
      "gridPos": {
        "h": 2,
        "w": 20,
        "x": 0,
        "y": 12
      },
      "id": 10,
      "options": {
        "code": {
          "language": "plaintext",
          "showLineNumbers": false,
          "showMiniMap": false
        },
        "content": "# Health and Performance",
        "mode": "markdown"
      },
      "pluginVersion": "10.4.3",
      "type": "text"
    },
    {
      "datasource": {
        "type": "grafana-azure-monitor-datasource",
        "uid": "azure-monitor-oob"
      },
      "fieldConfig": {
        "defaults": {
          "color": {
            "mode": "thresholds"
          },
          "custom": {
            "align": "auto",
            "cellOptions": {
              "type": "auto"
            },
            "inspect": false
          },
          "mappings": [],
          "thresholds": {
            "mode": "absolute",
            "steps": [
              {
                "color": "green",
                "value": null
              }
            ]
          }
        },
        "overrides": [
          {
            "matcher": {
              "id": "byName",
              "options": "EventCount"
            },
            "properties": [
              {
                "id": "custom.cellOptions",
                "value": {
                  "mode": "lcd",
                  "type": "gauge",
                  "valueDisplayMode": "text"
                }
              }
            ]
          },
          {
            "matcher": {
              "id": "byName",
              "options": "Facility"
            },
            "properties": [
              {
                "id": "custom.cellOptions",
                "value": {
                  "type": "json-view"
                }
              }
            ]
          },
          {
            "matcher": {
              "id": "byName",
              "options": "SeverityLevel"
            },
            "properties": [
              {
                "id": "custom.cellOptions",
                "value": {
                  "type": "json-view"
                }
              }
            ]
          }
        ]
      },
      "gridPos": {
        "h": 8,
        "w": 10,
        "x": 0,
        "y": 14
      },
      "id": 4,
      "options": {
        "cellHeight": "sm",
        "footer": {
          "countRows": false,
          "fields": "",
          "reducer": [
            "sum"
          ],
          "show": false
        },
        "showHeader": true
      },
      "pluginVersion": "10.4.3",
      "targets": [
        {
          "azureLogAnalytics": {
            "query": "Syslog\r\n// | where _ResourceId in ($Resources)\r\n| where Computer == \"nginx-hypv-01\"\r\n| summarize EventCount = count() by Facility, SeverityLevel\r\n| order by Facility, SeverityLevel, EventCount",
            "resources": [
              "$Workspace"
            ]
          },
          "azureMonitor": {
            "allowedTimeGrainsMs": [],
            "timeGrain": "auto"
          },
          "datasource": {
            "type": "grafana-azure-monitor-datasource",
            "uid": "azure-monitor-oob"
          },
          "queryType": "Azure Log Analytics",
          "refId": "A"
        }
      ],
      "title": "Syslog Events Breakdown",
      "type": "table"
    },
    {
      "datasource": {
        "type": "grafana-azure-monitor-datasource",
        "uid": "azure-monitor-oob"
      },
      "fieldConfig": {
        "defaults": {
          "color": {
            "mode": "palette-classic"
          },
          "custom": {
            "axisBorderShow": false,
            "axisCenteredZero": false,
            "axisColorMode": "text",
            "axisLabel": "",
            "axisPlacement": "auto",
            "barAlignment": 0,
            "drawStyle": "line",
            "fillOpacity": 0,
            "gradientMode": "none",
            "hideFrom": {
              "legend": false,
              "tooltip": false,
              "viz": false
            },
            "insertNulls": false,
            "lineInterpolation": "smooth",
            "lineWidth": 1,
            "pointSize": 5,
            "scaleDistribution": {
              "type": "linear"
            },
            "showPoints": "auto",
            "spanNulls": false,
            "stacking": {
              "group": "A",
              "mode": "none"
            },
            "thresholdsStyle": {
              "mode": "off"
            }
          },
          "mappings": [],
          "thresholds": {
            "mode": "absolute",
            "steps": [
              {
                "color": "green",
                "value": null
              },
              {
                "color": "red",
                "value": 80
              }
            ]
          }
        },
        "overrides": []
      },
      "gridPos": {
        "h": 8,
        "w": 10,
        "x": 10,
        "y": 14
      },
      "id": 5,
      "options": {
        "legend": {
          "calcs": [],
          "displayMode": "list",
          "placement": "bottom",
          "showLegend": true
        },
        "tooltip": {
          "mode": "single",
          "sort": "none"
        }
      },
      "targets": [
        {
          "azureLogAnalytics": {
            "query": "Syslog\r\n| where Computer == \"nginx-hypv-01\"\r\n| summarize EventCount = count() by bin(TimeGenerated, 10m)\r\n| order by TimeGenerated asc ",
            "resources": [
              "$Workspace"
            ]
          },
          "azureMonitor": {
            "allowedTimeGrainsMs": [],
            "timeGrain": "auto"
          },
          "datasource": {
            "type": "grafana-azure-monitor-datasource",
            "uid": "azure-monitor-oob"
          },
          "queryType": "Azure Log Analytics",
          "refId": "A"
        }
      ],
      "title": "Event Rate",
      "type": "timeseries"
    },
    {
      "datasource": {
        "type": "grafana-azure-monitor-datasource",
        "uid": "azure-monitor-oob"
      },
      "fieldConfig": {
        "defaults": {
          "color": {
            "mode": "palette-classic"
          },
          "custom": {
            "axisCenteredZero": false,
            "axisColorMode": "text",
            "axisLabel": "",
            "axisPlacement": "auto",
            "barAlignment": 0,
            "drawStyle": "line",
            "fillOpacity": 0,
            "gradientMode": "none",
            "hideFrom": {
              "legend": false,
              "tooltip": false,
              "viz": false
            },
            "lineInterpolation": "smooth",
            "lineWidth": 1,
            "pointSize": 5,
            "scaleDistribution": {
              "type": "linear"
            },
            "showPoints": "auto",
            "spanNulls": false,
            "stacking": {
              "group": "A",
              "mode": "none"
            },
            "thresholdsStyle": {
              "mode": "off"
            }
          },
          "mappings": [],
          "thresholds": {
            "mode": "absolute",
            "steps": [
              {
                "color": "green"
              },
              {
                "color": "red",
                "value": 80
              }
            ]
          },
          "unit": "Bps"
        },
        "overrides": []
      },
      "gridPos": {
        "h": 8,
        "w": 10,
        "x": 0,
        "y": 22
      },
      "id": 6,
      "options": {
        "legend": {
          "calcs": [
            "mean"
          ],
          "displayMode": "table",
          "placement": "bottom",
          "showLegend": true
        },
        "tooltip": {
          "mode": "single",
          "sort": "none"
        }
      },
      "targets": [
        {
          "azureLogAnalytics": {
            "query": "InsightsMetrics \r\n| where _ResourceId in ($Resources)\r\n| where Namespace == \"Network\" and Name == \"WriteBytesPerSecond\"\r\n| summarize Writes = avg(Val) by bin(TimeGenerated, 10m), Computer\r\n| order by TimeGenerated asc",
            "resources": [
              "$Workspace"
            ]
          },
          "azureMonitor": {
            "allowedTimeGrainsMs": [],
            "timeGrain": "auto"
          },
          "datasource": {
            "type": "grafana-azure-monitor-datasource",
            "uid": "azure-monitor-oob"
          },
          "queryType": "Azure Log Analytics",
          "refId": "A"
        }
      ],
      "title": "Network Writes Bytes/second",
      "type": "timeseries"
    },
    {
      "datasource": {
        "type": "grafana-azure-monitor-datasource",
        "uid": "azure-monitor-oob"
      },
      "fieldConfig": {
        "defaults": {
          "color": {
            "mode": "palette-classic"
          },
          "custom": {
            "axisCenteredZero": false,
            "axisColorMode": "text",
            "axisLabel": "",
            "axisPlacement": "auto",
            "barAlignment": 0,
            "drawStyle": "line",
            "fillOpacity": 0,
            "gradientMode": "none",
            "hideFrom": {
              "legend": false,
              "tooltip": false,
              "viz": false
            },
            "lineInterpolation": "smooth",
            "lineWidth": 1,
            "pointSize": 5,
            "scaleDistribution": {
              "type": "linear"
            },
            "showPoints": "auto",
            "spanNulls": false,
            "stacking": {
              "group": "A",
              "mode": "none"
            },
            "thresholdsStyle": {
              "mode": "off"
            }
          },
          "mappings": [],
          "thresholds": {
            "mode": "absolute",
            "steps": [
              {
                "color": "green"
              },
              {
                "color": "red",
                "value": 80
              }
            ]
          },
          "unit": "Bps"
        },
        "overrides": []
      },
      "gridPos": {
        "h": 8,
        "w": 10,
        "x": 10,
        "y": 22
      },
      "id": 7,
      "options": {
        "legend": {
          "calcs": [
            "mean"
          ],
          "displayMode": "table",
          "placement": "bottom",
          "showLegend": true
        },
        "tooltip": {
          "mode": "single",
          "sort": "none"
        }
      },
      "targets": [
        {
          "azureLogAnalytics": {
            "query": "InsightsMetrics \r\n| where _ResourceId in ($Resources)\r\n| where Namespace == \"Network\" and Name == \"ReadBytesPerSecond\"\r\n| summarize Writes = avg(Val) by bin(TimeGenerated, 10m), Computer\r\n| order by TimeGenerated asc",
            "resources": [
              "$Workspace"
            ]
          },
          "azureMonitor": {
            "allowedTimeGrainsMs": [],
            "timeGrain": "auto"
          },
          "datasource": {
            "type": "grafana-azure-monitor-datasource",
            "uid": "azure-monitor-oob"
          },
          "queryType": "Azure Log Analytics",
          "refId": "A"
        }
      ],
      "title": "Network Reads Bytes/second",
      "type": "timeseries"
    }
  ],
  "refresh": "",
  "schemaVersion": 39,
  "tags": [],
  "templating": {
    "list": [
      {
        "current": {
          "selected": false,
          "text": "Azure Monitor",
          "value": "azure-monitor-oob"
        },
        "hide": 0,
        "includeAll": false,
        "label": "Datasource",
        "multi": false,
        "name": "Datasource",
        "options": [],
        "query": "grafana-azure-monitor-datasource",
        "refresh": 1,
        "regex": "",
        "skipUrlSync": false,
        "type": "datasource"
      },
      {
        "current": {
          "selected": false,
          "text": "All",
          "value": "$__all"
        },
        "datasource": {
          "type": "grafana-azure-monitor-datasource",
          "uid": "azure-monitor-oob"
        },
        "definition": "",
        "hide": 0,
        "includeAll": true,
        "label": "Subscription",
        "multi": true,
        "name": "Subscription",
        "options": [],
        "query": {
          "azureLogAnalytics": {
            "query": "",
            "resources": []
          },
          "queryType": "Azure Subscriptions",
          "refId": "A"
        },
        "refresh": 1,
        "regex": "",
        "skipUrlSync": false,
        "sort": 0,
        "type": "query"
      },
      {
        "current": {
          "selected": false,
          "text": "All",
          "value": "$__all"
        },
        "datasource": {
          "type": "grafana-azure-monitor-datasource",
          "uid": "azure-monitor-oob"
        },
        "definition": "",
        "hide": 0,
        "includeAll": true,
        "label": "Workspace(s)",
        "multi": true,
        "name": "Workspace",
        "options": [],
        "query": {
          "azureLogAnalytics": {
            "query": "",
            "resources": []
          },
          "queryType": "Azure Workspaces",
          "refId": "A",
          "subscription": "$Subscription"
        },
        "refresh": 1,
        "regex": "",
        "skipUrlSync": false,
        "sort": 0,
        "type": "query"
      },
      {
        "current": {
          "selected": false,
          "text": "All",
          "value": "$__all"
        },
        "datasource": {
          "type": "grafana-azure-monitor-datasource",
          "uid": "azure-monitor-oob"
        },
        "definition": "",
        "hide": 0,
        "includeAll": true,
        "label": "Resource(s)",
        "multi": true,
        "name": "Resources",
        "options": [],
        "query": {
          "azureLogAnalytics": {
            "query": "",
            "resources": []
          },
          "azureResourceGraph": {
            "query": "resources\r\n| extend StarterPack = tags.MonitorStarterPacks\r\n| where StarterPack contains \"Nginx\" and type in (\"microsoft.hybridcompute/machines\", \"microsoft.compute/virtualmachines\")\r\n| project value = tolower(id), label = name"
          },
          "queryType": "Azure Resource Graph",
          "refId": "A",
          "subscriptions": [
            "$Subscription"
          ]
        },
        "refresh": 1,
        "regex": "",
        "skipUrlSync": false,
        "sort": 0,
        "type": "query"
      }
    ]
  },
  "time": {
    "from": "now-6h",
    "to": "now"
  },
  "timepicker": {},
  "timezone": "",
  "title": "Azure Monitor Starter Pack / NGINX",
  "uid": "NGINXMonStarPackDash",
  "version": 1,
  "weekStart": ""
}