{
  "annotations": {
    "list": [
      {
        "builtIn": 1,
        "datasource": {
          "type": "grafana",
          "uid": "-- Grafana --"
        },
        "enable": true,
        "hide": true,
        "iconColor": "rgba(0, 211, 255, 1)",
        "name": "Annotations & Alerts",
        "type": "dashboard"
      }
    ]
  },
  "description": "This dashboard provides an overview of the health and performance of the resources monitored in Azure Monitor enabled by the DNS 2016 Monitoring Starter Pack",
  "editable": true,
  "fiscalYearStartMonth": 0,
  "graphTooltip": 0,
  "id": 24,
  "links": [],
  "liveNow": false,
  "panels": [
    {
      "datasource": {
        "type": "datasource",
        "uid": "grafana"
      },
      "gridPos": {
        "h": 2,
        "w": 20,
        "x": 0,
        "y": 0
      },
      "id": 2,
      "options": {
        "code": {
          "language": "plaintext",
          "showLineNumbers": false,
          "showMiniMap": false
        },
        "content": "<sub>*Note: If you have multiple workspaces, and you are not seeing data in the visualisations below, please first select the workspace that you have used in the configuration of the Azure Monitor Starter Packs in the options above.*</sub>",
        "mode": "markdown"
      },
      "pluginVersion": "10.4.3",
      "type": "text"
    },
    {
      "datasource": {
        "type": "datasource",
        "uid": "grafana"
      },
      "gridPos": {
        "h": 2,
        "w": 20,
        "x": 0,
        "y": 2
      },
      "id": 1,
      "options": {
        "code": {
          "language": "plaintext",
          "showLineNumbers": false,
          "showMiniMap": false
        },
        "content": "# DNS Overview",
        "mode": "markdown"
      },
      "pluginVersion": "10.4.3",
      "type": "text"
    },
    {
      "datasource": {
        "type": "grafana-azure-monitor-datasource",
        "uid": "azure-monitor-oob"
      },
      "fieldConfig": {
        "defaults": {
          "color": {
            "mode": "thresholds"
          },
          "custom": {
            "align": "auto",
            "cellOptions": {
              "type": "auto"
            },
            "inspect": false
          },
          "mappings": [],
          "thresholds": {
            "mode": "absolute",
            "steps": [
              {
                "color": "green",
                "value": null
              },
              {
                "color": "red",
                "value": 80
              }
            ]
          }
        },
        "overrides": []
      },
      "gridPos": {
        "h": 9,
        "w": 6,
        "x": 0,
        "y": 4
      },
      "id": 3,
      "options": {
        "cellHeight": "sm",
        "footer": {
          "countRows": false,
          "fields": "",
          "reducer": [
            "sum"
          ],
          "show": false
        },
        "showHeader": true
      },
      "pluginVersion": "10.4.3",
      "targets": [
        {
          "azureLogAnalytics": {
            "query": "Heartbeat\r\n| where _ResourceId in ($Resources)\r\n| summarize LastHeartBeat = arg_max(TimeGenerated, *) by _ResourceId\r\n| extend TimeFromNow = now() - LastHeartBeat\r\n| extend [\"TimeAgo\"] = strcat(case(TimeFromNow < 2m, strcat(toint(TimeFromNow / 1s), ' seconds'), TimeFromNow < 2h, strcat(toint(TimeFromNow / 1m), ' minutes'), TimeFromNow < 2d, strcat(toint(TimeFromNow / 1h), ' hours'), strcat(toint(TimeFromNow / 1d), ' days')), ' ago')\r\n| project Computer, [\"Time\"]=strcat('🕒 ', TimeAgo)",
            "resources": [
              "$Workspace"
            ]
          },
          "azureMonitor": {
            "allowedTimeGrainsMs": [],
            "timeGrain": "auto"
          },
          "datasource": {
            "type": "grafana-azure-monitor-datasource",
            "uid": "azure-monitor-oob"
          },
          "queryType": "Azure Log Analytics",
          "refId": "A"
        }
      ],
      "title": "Heartbeat freshness",
      "type": "table"
    },
    {
      "datasource": {
        "type": "grafana-azure-monitor-datasource",
        "uid": "azure-monitor-oob"
      },
      "fieldConfig": {
        "defaults": {
          "color": {
            "mode": "palette-classic"
          },
          "custom": {
            "hideFrom": {
              "legend": false,
              "tooltip": false,
              "viz": false
            }
          },
          "mappings": []
        },
        "overrides": []
      },
      "gridPos": {
        "h": 9,
        "w": 7,
        "x": 6,
        "y": 4
      },
      "id": 4,
      "options": {
        "legend": {
          "displayMode": "table",
          "placement": "bottom",
          "showLegend": true,
          "values": [
            "value"
          ]
        },
        "pieType": "donut",
        "reduceOptions": {
          "calcs": [
            "lastNotNull"
          ],
          "fields": "",
          "values": true
        },
        "tooltip": {
          "mode": "single",
          "sort": "none"
        }
      },
      "targets": [
        {
          "azureMonitor": {
            "allowedTimeGrainsMs": [],
            "timeGrain": "auto"
          },
          "azureResourceGraph": {
            "query": "alertsmanagementresources\r\n| where type == \"microsoft.alertsmanagement/alerts\"\r\n| extend resourceId = tostring(properties.context.context.resourceId),\r\n    monitorCondition = tostring(properties.essentials.monitorCondition),\r\n    startDateTime = todatetime(properties.essentials.startDateTime),\r\n    lastModifiedDateTime = todatetime(properties.essentials.lastModifiedDateTime)\r\n| where resourceId in ($Resources)\r\n| summarize count() by monitorCondition"
          },
          "datasource": {
            "type": "grafana-azure-monitor-datasource",
            "uid": "azure-monitor-oob"
          },
          "queryType": "Azure Resource Graph",
          "refId": "A",
          "subscriptions": [
            "$Subscriptions"
          ]
        }
      ],
      "title": "Alerts by Status",
      "type": "piechart"
    },
    {
      "datasource": {
        "type": "grafana-azure-monitor-datasource",
        "uid": "azure-monitor-oob"
      },
      "fieldConfig": {
        "defaults": {
          "color": {
            "mode": "palette-classic"
          },
          "custom": {
            "hideFrom": {
              "legend": false,
              "tooltip": false,
              "viz": false
            }
          },
          "mappings": []
        },
        "overrides": []
      },
      "gridPos": {
        "h": 9,
        "w": 7,
        "x": 13,
        "y": 4
      },
      "id": 5,
      "options": {
        "displayLabels": [],
        "legend": {
          "displayMode": "table",
          "placement": "bottom",
          "showLegend": true,
          "values": [
            "value"
          ]
        },
        "pieType": "donut",
        "reduceOptions": {
          "calcs": [
            "lastNotNull"
          ],
          "fields": "",
          "values": true
        },
        "tooltip": {
          "mode": "single",
          "sort": "none"
        }
      },
      "targets": [
        {
          "azureMonitor": {
            "allowedTimeGrainsMs": [],
            "timeGrain": "auto"
          },
          "azureResourceGraph": {
            "query": "alertsmanagementresources\r\n| where type == \"microsoft.alertsmanagement/alerts\"\r\n| extend resourceId = tostring(properties.context.context.resourceId),\r\n    severity = toint(properties.context.context.severity),\r\n    startDateTime = todatetime(properties.essentials.startDateTime),\r\n    lastModifiedDateTime = todatetime(properties.essentials.lastModifiedDateTime)\r\n| where resourceId in ($Resources)\r\n| extend Severity = case(severity == 0, \"Critical\",\r\n        severity == 1, \"Error\",\r\n        severity == 2, \"Warning\",\r\n        severity == 3, \"Informational\",\r\n        severity == 4, \"Verbose\", \"Other\")\r\n| summarize count() by Severity"
          },
          "datasource": {
            "type": "grafana-azure-monitor-datasource",
            "uid": "azure-monitor-oob"
          },
          "queryType": "Azure Resource Graph",
          "refId": "A",
          "subscriptions": [
            "$Subscriptions"
          ]
        }
      ],
      "title": "Alerts by Severity",
      "type": "piechart"
    },
    {
      "datasource": {
        "type": "datasource",
        "uid": "grafana"
      },
      "gridPos": {
        "h": 2,
        "w": 20,
        "x": 0,
        "y": 13
      },
      "id": 6,
      "options": {
        "code": {
          "language": "plaintext",
          "showLineNumbers": false,
          "showMiniMap": false
        },
        "content": "# Zone Transfers",
        "mode": "markdown"
      },
      "pluginVersion": "10.4.3",
      "type": "text"
    },
    {
      "datasource": {
        "type": "grafana-azure-monitor-datasource",
        "uid": "azure-monitor-oob"
      },
      "fieldConfig": {
        "defaults": {
          "color": {
            "mode": "thresholds"
          },
          "mappings": [],
          "thresholds": {
            "mode": "absolute",
            "steps": [
              {
                "color": "green",
                "value": null
              },
              {
                "color": "red",
                "value": 80
              }
            ]
          }
        },
        "overrides": []
      },
      "gridPos": {
        "h": 5,
        "w": 5,
        "x": 0,
        "y": 15
      },
      "id": 7,
      "options": {
        "colorMode": "value",
        "graphMode": "area",
        "justifyMode": "auto",
        "orientation": "auto",
        "reduceOptions": {
          "calcs": [
            "lastNotNull"
          ],
          "fields": "",
          "values": false
        },
        "showPercentChange": false,
        "textMode": "auto",
        "wideLayout": true
      },
      "pluginVersion": "10.4.3",
      "targets": [
        {
          "azureLogAnalytics": {
            "query": "Perf \r\n| where _ResourceId in ($Resources)\r\n| where ObjectName == \"DNS\" and CounterName == \"Zone Transfer Request Received\"\r\n| summarize count = avg(CounterValue)",
            "resources": [
              "$Workspace"
            ]
          },
          "azureMonitor": {
            "allowedTimeGrainsMs": [],
            "timeGrain": "auto"
          },
          "datasource": {
            "type": "grafana-azure-monitor-datasource",
            "uid": "azure-monitor-oob"
          },
          "queryType": "Azure Log Analytics",
          "refId": "A"
        }
      ],
      "title": "Zone Transfer Requests Received",
      "type": "stat"
    },
    {
      "datasource": {
        "type": "grafana-azure-monitor-datasource",
        "uid": "azure-monitor-oob"
      },
      "fieldConfig": {
        "defaults": {
          "color": {
            "mode": "thresholds"
          },
          "mappings": [],
          "thresholds": {
            "mode": "absolute",
            "steps": [
              {
                "color": "green",
                "value": null
              },
              {
                "color": "red",
                "value": 80
              }
            ]
          }
        },
        "overrides": []
      },
      "gridPos": {
        "h": 5,
        "w": 5,
        "x": 5,
        "y": 15
      },
      "id": 8,
      "options": {
        "colorMode": "value",
        "graphMode": "area",
        "justifyMode": "auto",
        "orientation": "auto",
        "reduceOptions": {
          "calcs": [
            "lastNotNull"
          ],
          "fields": "",
          "values": false
        },
        "showPercentChange": false,
        "textMode": "auto",
        "wideLayout": true
      },
      "pluginVersion": "10.4.3",
      "targets": [
        {
          "azureLogAnalytics": {
            "query": "Perf \r\n| where _ResourceId in ($Resources)\r\n| where ObjectName == \"DNS\" and CounterName == \"Zone Transfer SOA Request Sent\"\r\n| summarize count = avg(CounterValue)",
            "resources": [
              "$Workspace"
            ]
          },
          "azureMonitor": {
            "allowedTimeGrainsMs": [],
            "timeGrain": "auto"
          },
          "datasource": {
            "type": "grafana-azure-monitor-datasource",
            "uid": "azure-monitor-oob"
          },
          "queryType": "Azure Log Analytics",
          "refId": "A"
        }
      ],
      "title": "Zone Transfer SOA Request Sent",
      "type": "stat"
    },
    {
      "datasource": {
        "type": "grafana-azure-monitor-datasource",
        "uid": "azure-monitor-oob"
      },
      "fieldConfig": {
        "defaults": {
          "color": {
            "mode": "thresholds"
          },
          "mappings": [],
          "thresholds": {
            "mode": "absolute",
            "steps": [
              {
                "color": "green",
                "value": null
              },
              {
                "color": "red",
                "value": 80
              }
            ]
          }
        },
        "overrides": []
      },
      "gridPos": {
        "h": 5,
        "w": 5,
        "x": 10,
        "y": 15
      },
      "id": 9,
      "options": {
        "colorMode": "value",
        "graphMode": "area",
        "justifyMode": "auto",
        "orientation": "auto",
        "reduceOptions": {
          "calcs": [
            "lastNotNull"
          ],
          "fields": "",
          "values": false
        },
        "showPercentChange": false,
        "textMode": "auto",
        "wideLayout": true
      },
      "pluginVersion": "10.4.3",
      "targets": [
        {
          "azureLogAnalytics": {
            "query": "Perf \r\n| where _ResourceId in ($Resources)\r\n| where ObjectName == \"DNS\" and CounterName == \"Zone Transfer Failure\"\r\n| summarize count = avg(CounterValue)",
            "resources": [
              "$Workspace"
            ]
          },
          "azureMonitor": {
            "allowedTimeGrainsMs": [],
            "timeGrain": "auto"
          },
          "datasource": {
            "type": "grafana-azure-monitor-datasource",
            "uid": "azure-monitor-oob"
          },
          "queryType": "Azure Log Analytics",
          "refId": "A"
        }
      ],
      "title": "Zone Transfer Failure",
      "type": "stat"
    },
    {
      "datasource": {
        "type": "grafana-azure-monitor-datasource",
        "uid": "azure-monitor-oob"
      },
      "fieldConfig": {
        "defaults": {
          "color": {
            "mode": "thresholds"
          },
          "mappings": [],
          "thresholds": {
            "mode": "absolute",
            "steps": [
              {
                "color": "green",
                "value": null
              },
              {
                "color": "red",
                "value": 80
              }
            ]
          }
        },
        "overrides": []
      },
      "gridPos": {
        "h": 5,
        "w": 5,
        "x": 15,
        "y": 15
      },
      "id": 10,
      "options": {
        "colorMode": "value",
        "graphMode": "area",
        "justifyMode": "auto",
        "orientation": "auto",
        "reduceOptions": {
          "calcs": [
            "lastNotNull"
          ],
          "fields": "",
          "values": false
        },
        "showPercentChange": false,
        "textMode": "auto",
        "wideLayout": true
      },
      "pluginVersion": "10.4.3",
      "targets": [
        {
          "azureLogAnalytics": {
            "query": "Perf \r\n| where _ResourceId in ($Resources)\r\n| where ObjectName == \"DNS\" and CounterName == \"Zone Transfer Success\"\r\n| summarize count = avg(CounterValue)",
            "resources": [
              "$Workspace"
            ]
          },
          "azureMonitor": {
            "allowedTimeGrainsMs": [],
            "timeGrain": "auto"
          },
          "datasource": {
            "type": "grafana-azure-monitor-datasource",
            "uid": "azure-monitor-oob"
          },
          "queryType": "Azure Log Analytics",
          "refId": "A"
        }
      ],
      "title": "Zone Transfer Success",
      "type": "stat"
    },
    {
      "datasource": {
        "type": "datasource",
        "uid": "grafana"
      },
      "gridPos": {
        "h": 2,
        "w": 20,
        "x": 0,
        "y": 20
      },
      "id": 11,
      "options": {
        "code": {
          "language": "plaintext",
          "showLineNumbers": false,
          "showMiniMap": false
        },
        "content": "# Performance",
        "mode": "markdown"
      },
      "pluginVersion": "10.4.3",
      "type": "text"
    },
    {
      "datasource": {
        "type": "grafana-azure-monitor-datasource",
        "uid": "azure-monitor-oob"
      },
      "fieldConfig": {
        "defaults": {
          "color": {
            "mode": "palette-classic"
          },
          "custom": {
            "axisCenteredZero": false,
            "axisColorMode": "text",
            "axisLabel": "",
            "axisPlacement": "auto",
            "barAlignment": 0,
            "drawStyle": "line",
            "fillOpacity": 0,
            "gradientMode": "none",
            "hideFrom": {
              "legend": false,
              "tooltip": false,
              "viz": false
            },
            "lineInterpolation": "smooth",
            "lineWidth": 1,
            "pointSize": 5,
            "scaleDistribution": {
              "type": "linear"
            },
            "showPoints": "auto",
            "spanNulls": false,
            "stacking": {
              "group": "A",
              "mode": "none"
            },
            "thresholdsStyle": {
              "mode": "off"
            }
          },
          "mappings": [],
          "thresholds": {
            "mode": "absolute",
            "steps": [
              {
                "color": "green"
              },
              {
                "color": "red",
                "value": 80
              }
            ]
          }
        },
        "overrides": []
      },
      "gridPos": {
        "h": 8,
        "w": 10,
        "x": 0,
        "y": 22
      },
      "id": 12,
      "options": {
        "legend": {
          "calcs": [],
          "displayMode": "list",
          "placement": "bottom",
          "showLegend": true
        },
        "tooltip": {
          "mode": "single",
          "sort": "none"
        }
      },
      "targets": [
        {
          "azureLogAnalytics": {
            "query": "Perf \r\n| where _ResourceId in ($Resources)\r\n| where ObjectName == \"DNS\"\r\n| where CounterName == \"Caching Memory\"\r\n| summarize count = avg(CounterValue) by bin(TimeGenerated, 10m)",
            "resources": [
              "$Workspace"
            ]
          },
          "azureMonitor": {
            "allowedTimeGrainsMs": [],
            "timeGrain": "auto"
          },
          "datasource": {
            "type": "grafana-azure-monitor-datasource",
            "uid": "azure-monitor-oob"
          },
          "queryType": "Azure Log Analytics",
          "refId": "A"
        }
      ],
      "title": "Caching Memory",
      "type": "timeseries"
    },
    {
      "datasource": {
        "type": "grafana-azure-monitor-datasource",
        "uid": "azure-monitor-oob"
      },
      "fieldConfig": {
        "defaults": {
          "color": {
            "mode": "palette-classic"
          },
          "custom": {
            "axisCenteredZero": false,
            "axisColorMode": "text",
            "axisLabel": "",
            "axisPlacement": "auto",
            "barAlignment": 0,
            "drawStyle": "line",
            "fillOpacity": 0,
            "gradientMode": "none",
            "hideFrom": {
              "legend": false,
              "tooltip": false,
              "viz": false
            },
            "lineInterpolation": "smooth",
            "lineWidth": 1,
            "pointSize": 5,
            "scaleDistribution": {
              "type": "linear"
            },
            "showPoints": "auto",
            "spanNulls": false,
            "stacking": {
              "group": "A",
              "mode": "none"
            },
            "thresholdsStyle": {
              "mode": "off"
            }
          },
          "mappings": [],
          "thresholds": {
            "mode": "absolute",
            "steps": [
              {
                "color": "green"
              },
              {
                "color": "red",
                "value": 80
              }
            ]
          }
        },
        "overrides": []
      },
      "gridPos": {
        "h": 8,
        "w": 10,
        "x": 10,
        "y": 22
      },
      "id": 15,
      "options": {
        "legend": {
          "calcs": [],
          "displayMode": "list",
          "placement": "bottom",
          "showLegend": true
        },
        "tooltip": {
          "mode": "single",
          "sort": "none"
        }
      },
      "targets": [
        {
          "azureLogAnalytics": {
            "query": "Perf \r\n| where _ResourceId in ($Resources)\r\n| where ObjectName == \"DNS\"\r\n| where CounterName == \"Database Node Memory\"\r\n| summarize count = avg(CounterValue) by bin(TimeGenerated, 10m)",
            "resources": [
              "$Workspace"
            ]
          },
          "azureMonitor": {
            "allowedTimeGrainsMs": [],
            "timeGrain": "auto"
          },
          "datasource": {
            "type": "grafana-azure-monitor-datasource",
            "uid": "azure-monitor-oob"
          },
          "queryType": "Azure Log Analytics",
          "refId": "A"
        }
      ],
      "title": "Database Node Memory",
      "type": "timeseries"
    },
    {
      "datasource": {
        "type": "grafana-azure-monitor-datasource",
        "uid": "azure-monitor-oob"
      },
      "fieldConfig": {
        "defaults": {
          "color": {
            "mode": "palette-classic"
          },
          "custom": {
            "axisCenteredZero": false,
            "axisColorMode": "text",
            "axisLabel": "",
            "axisPlacement": "auto",
            "barAlignment": 0,
            "drawStyle": "line",
            "fillOpacity": 0,
            "gradientMode": "none",
            "hideFrom": {
              "legend": false,
              "tooltip": false,
              "viz": false
            },
            "lineInterpolation": "smooth",
            "lineWidth": 1,
            "pointSize": 5,
            "scaleDistribution": {
              "type": "linear"
            },
            "showPoints": "auto",
            "spanNulls": false,
            "stacking": {
              "group": "A",
              "mode": "none"
            },
            "thresholdsStyle": {
              "mode": "off"
            }
          },
          "mappings": [],
          "thresholds": {
            "mode": "absolute",
            "steps": [
              {
                "color": "green"
              },
              {
                "color": "red",
                "value": 80
              }
            ]
          }
        },
        "overrides": []
      },
      "gridPos": {
        "h": 8,
        "w": 10,
        "x": 0,
        "y": 30
      },
      "id": 14,
      "options": {
        "legend": {
          "calcs": [],
          "displayMode": "list",
          "placement": "bottom",
          "showLegend": true
        },
        "tooltip": {
          "mode": "single",
          "sort": "none"
        }
      },
      "targets": [
        {
          "azureLogAnalytics": {
            "query": "Perf \r\n| where _ResourceId in ($Resources)\r\n| where ObjectName == \"DNS\"\r\n| where CounterName == \"Data Flush Pages/sec\"\r\n| summarize count = avg(CounterValue) by bin(TimeGenerated, 10m)",
            "resources": [
              "$Workspace"
            ]
          },
          "azureMonitor": {
            "allowedTimeGrainsMs": [],
            "timeGrain": "auto"
          },
          "datasource": {
            "type": "grafana-azure-monitor-datasource",
            "uid": "azure-monitor-oob"
          },
          "queryType": "Azure Log Analytics",
          "refId": "A"
        }
      ],
      "title": "Data Flush Pages/sec",
      "type": "timeseries"
    },
    {
      "datasource": {
        "type": "grafana-azure-monitor-datasource",
        "uid": "azure-monitor-oob"
      },
      "fieldConfig": {
        "defaults": {
          "color": {
            "mode": "palette-classic"
          },
          "custom": {
            "axisCenteredZero": false,
            "axisColorMode": "text",
            "axisLabel": "",
            "axisPlacement": "auto",
            "barAlignment": 0,
            "drawStyle": "line",
            "fillOpacity": 0,
            "gradientMode": "none",
            "hideFrom": {
              "legend": false,
              "tooltip": false,
              "viz": false
            },
            "lineInterpolation": "smooth",
            "lineWidth": 1,
            "pointSize": 5,
            "scaleDistribution": {
              "type": "linear"
            },
            "showPoints": "auto",
            "spanNulls": false,
            "stacking": {
              "group": "A",
              "mode": "none"
            },
            "thresholdsStyle": {
              "mode": "off"
            }
          },
          "mappings": [],
          "thresholds": {
            "mode": "absolute",
            "steps": [
              {
                "color": "green"
              },
              {
                "color": "red",
                "value": 80
              }
            ]
          }
        },
        "overrides": []
      },
      "gridPos": {
        "h": 8,
        "w": 10,
        "x": 10,
        "y": 30
      },
      "id": 13,
      "options": {
        "legend": {
          "calcs": [],
          "displayMode": "list",
          "placement": "bottom",
          "showLegend": true
        },
        "tooltip": {
          "mode": "single",
          "sort": "none"
        }
      },
      "targets": [
        {
          "azureLogAnalytics": {
            "query": "Perf \r\n| where _ResourceId in ($Resources)\r\n| where ObjectName == \"DNS\"\r\n| where CounterName == \"Data Flushes/sec\"\r\n| summarize count = avg(CounterValue) by bin(TimeGenerated, 10m)",
            "resources": [
              "$Workspace"
            ]
          },
          "azureMonitor": {
            "allowedTimeGrainsMs": [],
            "timeGrain": "auto"
          },
          "datasource": {
            "type": "grafana-azure-monitor-datasource",
            "uid": "azure-monitor-oob"
          },
          "queryType": "Azure Log Analytics",
          "refId": "A"
        }
      ],
      "title": "Data Flushes/sec",
      "type": "timeseries"
    }
  ],
  "refresh": "",
  "schemaVersion": 39,
  "tags": [],
  "templating": {
    "list": [
      {
        "current": {
          "selected": false,
          "text": "Azure Monitor",
          "value": "azure-monitor-oob"
        },
        "hide": 0,
        "includeAll": false,
        "label": "Datasource",
        "multi": false,
        "name": "Datasource",
        "options": [],
        "query": "grafana-azure-monitor-datasource",
        "refresh": 1,
        "regex": "",
        "skipUrlSync": false,
        "type": "datasource"
      },
      {
        "current": {
          "selected": false,
          "text": "All",
          "value": "$__all"
        },
        "datasource": {
          "type": "grafana-azure-monitor-datasource",
          "uid": "azure-monitor-oob"
        },
        "definition": "",
        "hide": 0,
        "includeAll": true,
        "label": "Subscriptions",
        "multi": true,
        "name": "Subscriptions",
        "options": [],
        "query": {
          "azureLogAnalytics": {
            "query": "",
            "resources": []
          },
          "queryType": "Azure Subscriptions",
          "refId": "A"
        },
        "refresh": 1,
        "regex": "",
        "skipUrlSync": false,
        "sort": 0,
        "type": "query"
      },
      {
        "current": {
          "selected": false,
          "text": "All",
          "value": "$__all"
        },
        "datasource": {
          "type": "grafana-azure-monitor-datasource",
          "uid": "azure-monitor-oob"
        },
        "definition": "",
        "hide": 0,
        "includeAll": true,
        "label": "Workspace(s)",
        "multi": true,
        "name": "Workspace",
        "options": [],
        "query": {
          "azureLogAnalytics": {
            "query": "",
            "resources": []
          },
          "queryType": "Azure Workspaces",
          "refId": "A",
          "subscription": "$Subscriptions"
        },
        "refresh": 1,
        "regex": "",
        "skipUrlSync": false,
        "sort": 0,
        "type": "query"
      },
      {
        "current": {
          "selected": false,
          "text": "All",
          "value": "$__all"
        },
        "datasource": {
          "type": "grafana-azure-monitor-datasource",
          "uid": "azure-monitor-oob"
        },
        "definition": "",
        "hide": 0,
        "includeAll": true,
        "label": "Resources",
        "multi": true,
        "name": "Resources",
        "options": [],
        "query": {
          "azureLogAnalytics": {
            "query": "",
            "resources": []
          },
          "azureResourceGraph": {
            "query": "resources\r\n| extend StarterPack = tags.MonitorStarterPacks\r\n| where StarterPack contains \"DNS\" and type in (\"microsoft.hybridcompute/machines\", \"microsoft.compute/virtualmachines\")\r\n| project value = tolower(id), label = name"
          },
          "queryType": "Azure Resource Graph",
          "refId": "A",
          "subscriptions": [
            "$Subscriptions"
          ]
        },
        "refresh": 1,
        "regex": "",
        "skipUrlSync": false,
        "sort": 0,
        "type": "query"
      }
    ]
  },
  "time": {
    "from": "now-6h",
    "to": "now"
  },
  "timepicker": {},
  "timezone": "",
  "title": "Azure Monitor Starter Pack / DNS",
  "uid": "DNSMonStarPackDash",
  "version": 1,
  "weekStart": ""
}